Link Name,Center of Mass X,Center of Mass Y,Center of Mass Z,Center of Mass Roll,Center of Mass Pitch,Center of Mass Yaw,Mass,Moment Ixx,Moment Ixy,Moment Ixz,Moment Iyy,Moment Iyz,Moment Izz,Visual X,Visual Y,Visual Z,Visual Roll,Visual Pitch,Visual Yaw,Mesh Filename,Color Red,Color Green,Color Blue,Color Alpha,Collision X,Collision Y,Collision Z,Collision Roll,Collision Pitch,Collision Yaw,Collision Mesh Filename,Material Name,SW Components,Coordinate System,Axis Name,Joint Name,Joint Type,Joint Origin X,Joint Origin Y,Joint Origin Z,Joint Origin Roll,Joint Origin Pitch,Joint Origin Yaw,Parent,Joint Axis X,Joint Axis Y,Joint Axis Z,Limit Effort,Limit Velocity,Limit Lower,Limit Upper,Calibration rising,Calibration falling,Dynamics Damping,Dynamics Friction,Safety Soft Upper,Safety Soft Lower,Safety K Position,Safety K Velocity
pelvis_link,0.00305918594889011,4.10901398799301E-05,0.0291032902496203,0,0,0,2.58008688539799,0.00301026346437423,5.09661302180347E-07,-8.30242615583723E-06,0.00350726709543376,1.4647196385913E-07,0.00286972970886794,0,0,0,0,0,0,package://robot8/meshes/pelvis_link.STL,0.752941176470588,0.752941176470588,0.752941176470588,1,0,0,0,0,0,0,package://robot8/meshes/pelvis_link.STL,,pelvis_link_v2-1,s_global,,,,0,0,0,0,0,0,,0,0,0,,,,,,,,,,,,
right_hip_pitch_link,0.0020993179633918,-0.0686944896672758,-0.0701802726887818,0,0,0,1.25585319651588,0.0032913194758447,9.62232677670763E-05,2.17298685738793E-05,0.00217731773574376,-0.000420650218943618,0.00163537705254433,0,0,0,0,0,0,package://robot8/meshes/right_hip_pitch_link.STL,0.752941176470588,0.752941176470588,0.752941176470588,1,0,0,0,0,0,0,package://robot8/meshes/right_hip_pitch_link.STL,,right_hip_pitch_link_v2-1,s_right_hip_pitch_link,a_right_hip_pitch_link,right_hip_pitch_joint,revolute,0.0074336,-0.11245,0.0042898,0.5236,0,0,pelvis_link,0,1,0,0,0,0,0,,,,,,,,
right_hip_roll_link,-0.030542424586395,9.34796304089547E-05,-0.0909462309547874,0,0,0,1.15476147614435,0.00150179915907691,-3.06462404481953E-17,2.18332818277527E-05,0.00125480264529007,6.48319863180912E-07,0.00172778278376363,0,0,0,0,0,0,package://robot8/meshes/right_hip_roll_link.STL,0.752941176470588,0.752941176470588,0.752941176470588,1,0,0,0,0,0,0,package://robot8/meshes/right_hip_roll_link.STL,,right_hip_roll_link_v2-1,s_right_hip_roll_link,a_right_hip_roll_link,right_hip_roll_joint,revolute,0.0295,-0.07681,-0.080942,-0.5236,0,0,right_hip_pitch_link,1,0,0,0,0,0,0,,,,,,,,
right_hip_yaw_link,0.000137279805651452,0.00274028988395558,-0.0634716628194296,0,0,0,0.621436983311609,0.00102005527811765,1.34547258614575E-07,-8.30489381941613E-07,0.0014070743923986,-1.01057647666202E-05,0.000867861615423039,0,0,0,0,0,0,package://robot8/meshes/right_hip_yaw_link.STL,0.752941176470588,0.752941176470588,0.752941176470588,1,0,0,0,0,0,0,package://robot8/meshes/right_hip_yaw_link.STL,,right_hip_yaw_link_v2-1,s_right_hip_yaw_link,a_right_hip_yaw_link,right_hip_yaw_joint,revolute,-0.0295,0,-0.1463,0,0,0,right_hip_roll_link,0,0,1,0,0,0,0,,,,,,,,
right_knee_link,-0.00467033677177121,0.0329359724913804,-0.142110204273161,0,0,0,4.15965070815818,0.014437742939699,2.71860374487725E-08,3.50656323989832E-07,0.0176554172875995,2.33520742979486E-05,0.00407489643724661,0,0,0,0,0,0,package://robot8/meshes/right_knee_link.STL,0.752941176470588,0.752941176470588,0.752941176470588,1,0,0,0,0,0,0,package://robot8/meshes/right_knee_link.STL,,right_knee_link_v2-1,s_right_knee_link,a_right_knee_link,right_knee_joint,revolute,0,-0.032,-0.12269,0,0,0,right_hip_yaw_link,0,1,0,0,0,0,0,,,,,,,,
right_ankle_pitch_link,5.36441309949287E-09,-5.36441308041091E-09,0,0,0,0,0.0185240065010566,3.40806273526546E-06,-5.43886314073352E-19,-2.68009753476234E-13,3.40806273526546E-06,-2.68009752066136E-13,6.06751395301965E-06,0,0,0,0,0,0,package://robot8/meshes/right_ankle_pitch_link.STL,0.792156862745098,0.819607843137255,0.933333333333333,1,0,0,0,0,0,0,package://robot8/meshes/right_ankle_pitch_link.STL,,right_ankle_pitch+roll_link_v2_v2-2/足部_v2-1/20-50十字轴承_v2-1,s_right_ankle_link,a_right_ankle_pitch_link,right_ankle_pitch_joint,revolute,-5.1941E-05,0.035,-0.4435,0,0,0,right_knee_link,0,1,0,0,0,0,0,,,,,,,,
right_ankle_roll_link,0.0129194532593344,5.80698551577719E-07,-0.0470277144993229,0,0,0,0.727924412880784,0.000275343379291203,-2.9195900570431E-09,4.46941829312223E-05,0.00202877454767203,1.201840708216E-09,0.00219680751300212,0,0,0,0,0,0,package://robot8/meshes/right_ankle_roll_link.STL,0.866666666666667,0.909803921568627,1,1,0,0,0,0,0,0,package://robot8/meshes/right_ankle_roll_link.STL,,right_ankle_pitch+roll_link_v2_v2-2/足部_v2-1/092-十字轴承固定支架_v2-1;right_ankle_pitch+roll_link_v2_v2-2/足部_v2-1/092-十字轴承固定支架_v2-2;right_ankle_pitch+roll_link_v2_v2-2/足部_v2-1/091-脚部cnc_v2-1;right_ankle_pitch+roll_link_v2_v2-2/足部_v2-1/093-连杆连接件cnc_v2-1;right_ankle_pitch+roll_link_v2_v2-2/足部_v2-1/peba鞋底1_v2-1,s_right_ankle_link,a_right_ankle_roll_link,right_ankle_roll_joint,revolute,0,0,0,0,0,0,right_ankle_pitch_link,1,0,0,0,0,0,0,,,,,,,,
left_hip_pitch_link,0.00259585321735272,0.0687318930244752,-0.0697716444685645,0,0,0,1.25015171120794,0.00329193022308332,-9.62053095308916E-05,2.16930137718965E-05,0.00217503930159044,0.00042068420999049,0.00163385682009553,0,0,0,0,0,0,package://robot8/meshes/left_hip_pitch_link.STL,0.752941176470588,0.752941176470588,0.752941176470588,1,0,0,0,0,0,0,package://robot8/meshes/left_hip_pitch_link.STL,,left_hip_pitch_link_v2-1,s_left_hip_pitch_link,a_left_hip_pitch_link,left_hip_pitch_joint,revolute,0.0074336,0.11245,0.0042898,-0.5236,0,0,pelvis_link,0,1,0,0,0,0,0,,,,,,,,
left_hip_roll_link,-0.0305424245864058,9.34796304083718E-05,-0.090946230954788,0,0,0,1.15476147614435,0.00150179915907688,-1.98907248517993E-17,2.18332818277508E-05,0.00125480264529004,6.48319863182555E-07,0.00172778278376363,0,0,0,0,0,0,package://robot8/meshes/left_hip_roll_link.STL,0.752941176470588,0.752941176470588,0.752941176470588,1,0,0,0,0,0,0,package://robot8/meshes/left_hip_roll_link.STL,,left_hip_roll_link_v2-1,s_left_hip_roll_link,a_left_hip_roll_link,left_hip_roll_joint,revolute,0.0295,0.07681,-0.080942,0.5236,0,0,left_hip_pitch_link,1,0,0,0,0,0,0,,,,,,,,
left_hip_yaw_link,0.000137279805640669,-0.00274028988395453,-0.0634716628194301,0,0,0,0.621436983311609,0.00102005527811764,-1.34552514246897E-07,-8.30489381941243E-07,0.0014070743923986,1.01057647666195E-05,0.000867861615423029,0,0,0,0,0,0,package://robot8/meshes/left_hip_yaw_link.STL,0.752941176470588,0.752941176470588,0.752941176470588,1,0,0,0,0,0,0,package://robot8/meshes/left_hip_yaw_link.STL,,left_hip_yaw_link_v2-1,s_left_hip_yaw_link,a_left_hip_yaw_link,left_hip_yaw_joint,revolute,-0.0295,0,-0.1463,0,0,0,left_hip_roll_link,0,0,1,0,0,0,0,,,,,,,,
left_knee_link,-0.00424330838004756,-0.0350623333435056,-0.143414031587422,0,0,0,4.16439845551772,0.0144444479396681,1.00609772943254E-07,-3.5595716916134E-06,0.0176556804535534,-2.34816754839232E-05,0.00407631176257114,0,0,0,0,0,0,package://robot8/meshes/left_knee_link.STL,0.752941176470588,0.752941176470588,0.752941176470588,1,0,0,0,0,0,0,package://robot8/meshes/left_knee_link.STL,,left_knee_link_v2-1,s_left_knee_link,a_left_knee_link,left_knee_joint,revolute,0,0.034125,-0.1227,0,0,0,left_hip_yaw_link,0,1,0,0,0,0,0,,,,,,,,
left_ankle_pitch_link,5.36440164858321E-09,-5.36441216447692E-09,-1.88737914186277E-15,0,0,0,0.0185240065010566,3.40806273526552E-06,-6.1793085887977E-19,4.60474748622405E-13,3.40806273526546E-06,-2.6800975434119E-13,6.0675139530196E-06,0,0,0,0,0,0,package://robot8/meshes/left_ankle_pitch_link.STL,0.792156862745098,0.819607843137255,0.933333333333333,1,0,0,0,0,0,0,package://robot8/meshes/left_ankle_pitch_link.STL,,left_ankle_pitch+roll_link_v2_v2-1/足部_v2-1/20-50十字轴承_v2-1,s_left_ankle_link,a_left_ankle_pitch_link,left_ankle_pitch_joint,revolute,0,-0.036877,-0.4435,0,0,0,left_knee_link,0,1,0,0,0,0,0,,,,,,,,
left_ankle_roll_link,0.0129195871338322,5.61685859351568E-07,-0.0470276922487587,0,0,0,0.727923054673846,0.000275342940054243,-4.32729117476992E-09,4.46960077561829E-05,0.00202876352301197,1.0275108157271E-09,0.00219679618166834,0,0,0,0,0,0,package://robot8/meshes/left_ankle_roll_link.STL,0.866666666666667,0.909803921568627,1,1,0,0,0,0,0,0,package://robot8/meshes/left_ankle_roll_link.STL,,left_ankle_pitch+roll_link_v2_v2-1/足部_v2-1/092-十字轴承固定支架_v2-1;left_ankle_pitch+roll_link_v2_v2-1/足部_v2-1/092-十字轴承固定支架_v2-2;left_ankle_pitch+roll_link_v2_v2-1/足部_v2-1/091-脚部cnc_v2-1;left_ankle_pitch+roll_link_v2_v2-1/足部_v2-1/093-连杆连接件cnc_v2-1;left_ankle_pitch+roll_link_v2_v2-1/足部_v2-1/peba鞋底1_v2-1,s_left_ankle_link,a_left_ankle_roll_link,left_ankle_roll_joint,revolute,0,0,0,0,0,0,left_ankle_pitch_link,1,0,0,0,0,0,0,,,,,,,,
waist_yaw_link,0.0035709653844972,-0.000298584324433874,0.296049150376585,0,0,0,11.2831176116852,0.0481142136376359,5.79618773222184E-07,-1.98137969688278E-05,0.0366418106171156,7.91242771702937E-08,0.0331576781412585,0,0,0,0,0,0,package://robot8/meshes/waist_yaw_link.STL,0.752941176470588,0.752941176470588,0.752941176470588,1,0,0,0,0,0,0,package://robot8/meshes/waist_yaw_link.STL,,torso_link_v2-1,s_waist_yaw_link,a_waist_yaw_link,waist_yaw_joint,revolute,0.0074336,0,0.095182,0,0,0,pelvis_link,0,0,1,0,0,0,0,,,,,,,,
waist_roll_link,0.0667308294310171,3.29960583013206E-15,-5.55111512312578E-17,0,0,0,0.00214965536176707,1.01967620398884E-08,-1.29364737944469E-21,-1.06096448175666E-24,4.0231962853032E-08,-2.84345754736973E-26,4.0231962853032E-08,0,0,0,0,0,0,package://robot8/meshes/waist_roll_link.STL,0.650980392156863,0.619607843137255,0.588235294117647,1,0,0,0,0,0,0,package://robot8/meshes/waist_roll_link.STL,,waist_roll_link_v2-1,s_waist_roll_link,a_waist_roll_link,waist_roll_joint,fixed,0,0,0.1409,0,0,0,waist_yaw_link,0,0,0,,,,,,,,,,,,
torso_link,3.46944695195361E-18,4.44741259208549E-16,-0.0527691705689829,0,0,0,0.00214965536176707,4.0231962853032E-08,-1.94278712621858E-25,-4.37309454456464E-24,4.0231962853032E-08,-2.97317303399911E-24,1.01967620398884E-08,0,0,0,0,0,0,package://robot8/meshes/torso_link.STL,0.650980392156863,0.619607843137255,0.588235294117647,1,0,0,0,0,0,0,package://robot8/meshes/torso_link.STL,,waist_yaw_link_v2-1,s_torso_link,a_torso_link,torso_joint,fixed,0,0,0,0,0,0,waist_roll_link,0,0,0,,,,,,,,,,,,
right_shoulder_pitch_link,-0.00462234213731181,-0.0569323729245412,0.00067763722254971,0,0,0,0.874701562642754,0.0011367449625491,-3.97818166261234E-05,1.81000544660294E-06,0.000740279860994912,1.63792037851914E-06,0.000947253122928132,0,0,0,0,0,0,package://robot8/meshes/right_shoulder_pitch_link.STL,0.752941176470588,0.752941176470588,0.752941176470588,1,0,0,0,0,0,0,package://robot8/meshes/right_shoulder_pitch_link.STL,,right_shoulder_pitch_link_v2-2,s_right_shoulder_pitch_link,a_right_shoulder_pitch_link,right_shoulder_pitch_joint,revolute,0,-0.1445,0.3245,0,0,0,torso_link,0,1,0,0,0,0,0,,,,,,,,
right_shoulder_roll_link,0.00117741281095655,-1.25187638033708E-09,-0.0807587168674141,0,0,0,0.48219593984269,0.000709847287478503,1.42928737661517E-10,5.53859879039959E-06,0.000573848955078145,1.39197144271556E-10,0.000353267894218743,0,0,0,0,0,0,package://robot8/meshes/right_shoulder_roll_link.STL,0.752941176470588,0.752941176470588,0.752941176470588,1,0,0,0,0,0,0,package://robot8/meshes/right_shoulder_roll_link.STL,,right_shoulder_roll_link_v2-3,s_right_shoulder_roll_link,a_right_shoulder_roll_link,right_shoulder_roll_joint,revolute,0.0010009,-0.07,0,0,0,0,right_shoulder_pitch_link,1,0,0,0,0,0,0,,,,,,,,
right_shoulder_yaw_link,0.000667052454659844,-0.000553086738703412,-0.0704003155955727,0,0,0,0.414966961037984,0.000332415125245122,-5.55060201449185E-08,7.35639325934081E-09,0.000434620132872275,-1.70912839166216E-05,0.000235632618643007,0,0,0,0,0,0,package://robot8/meshes/right_shoulder_yaw_link.STL,0.752941176470588,0.752941176470588,0.752941176470588,1,0,0,0,0,0,0,package://robot8/meshes/right_shoulder_yaw_link.STL,,right_shoulder_yaw_link_v2-2,s_right_shoulder_yaw_link,a_right_shoulder_yaw_link,right_shoulder_yaw_joint,revolute,0,0,-0.1215,0,0,0,right_shoulder_roll_link,0,0,1,0,0,0,0,,,,,,,,
right_elbow_link,0.0596732768496931,-0.00432879711153664,3.31248411210572E-05,0,0,0,0.28583059626594,0.000148596849352716,-2.01770899711018E-05,-4.79087210658679E-10,0.000274477531432572,-1.28198321309083E-08,0.000286163742852094,0,0,0,0,0,0,package://robot8/meshes/right_elbow_link.STL,0.752941176470588,0.752941176470588,0.752941176470588,1,0,0,0,0,0,0,package://robot8/meshes/right_elbow_link.STL,,right_elbow_link_v2-2,s_right_elbow_link,a_right_elbow_link,right_elbow_joint,revolute,0,0,-0.0885,0,0,0,right_shoulder_yaw_link,0,1,0,0,0,0,0,,,,,,,,
right_wrist_roll_link,0.0327367180637039,-0.00157531464284594,2.19516666954966E-07,0,0,0,0.204084151043006,0.000104013004934292,4.35660578553141E-06,-1.21822075110085E-08,9.58406861947582E-05,7.37757021782124E-10,0.000113767561898121,0,0,0,0,0,0,package://robot8/meshes/right_wrist_roll_link.STL,0.752941176470588,0.752941176470588,0.752941176470588,1,0,0,0,0,0,0,package://robot8/meshes/right_wrist_roll_link.STL,,right_wrist_roll_link_v2-2,s_right_wrist_roll_link,a_right_wrist_roll_link,right_wrist_roll_joint,revolute,0.1005,0,0,0,0,0,right_elbow_link,1,0,0,0,0,0,0,,,,,,,,
right_wrist_yaw_link,0.0484630714851086,0.000578447018435707,-0.000636592376275835,0,0,0,0.290193870486579,0.000162833044504116,1.73501972816813E-06,-2.27315828257482E-06,0.000187528895295102,3.17370036496664E-05,0.0002088556734305,0,0,0,0,0,0,package://robot8/meshes/right_wrist_yaw_link.STL,0.752941176470588,0.752941176470588,0.752941176470588,1,0,0,0,0,0,0,package://robot8/meshes/right_wrist_yaw_link.STL,,right_wrist_yaw_link_v2-2,s_right_wrist_yaw_link,a_right_wrist_yaw_link,right_wrist_yaw_joint,revolute,0.0395,0,0,0,0,0,right_wrist_roll_link,0,1,0,0,0,0,0,,,,,,,,
right_wrist_pitch_link,0.0298448602758788,1.73848371809449E-09,0.00274885779249784,0,0,0,0.10184435029256,4.19087667528684E-05,-1.77111914988274E-12,-3.96641744924118E-07,3.48765764150622E-05,5.75221975977557E-13,3.32834640951264E-05,0,0,0,0,0,0,package://robot8/meshes/right_wrist_pitch_link.STL,0.752941176470588,0.752941176470588,0.752941176470588,1,0,0,0,0,0,0,package://robot8/meshes/right_wrist_pitch_link.STL,,right_wrist_pitch_link_v2-1,s_right_wrist_pitch_link,a_right_wrist_pitch_link,right_wrist_pitch_joint,revolute,0.06,0,0,0,0,0,right_wrist_yaw_link,0,0,1,0,0,0,0,,,,,,,,
left_shoulder_pitch_link,-0.00422390476291285,0.0570967615101758,0.000669114318576247,0,0,0,0.885845450124553,0.00115936798152434,3.97818640079185E-05,1.80998767400071E-06,0.000751597226768435,-1.63789463095042E-06,0.000958570467637072,0,0,0,0,0,0,package://robot8/meshes/left_shoulder_pitch_link.STL,0.752941176470588,0.752941176470588,0.752941176470588,1,0,0,0,0,0,0,package://robot8/meshes/left_shoulder_pitch_link.STL,,left_shoulder_pitch_link_v2-2,s_left_shoulder_pitch_link,a_left_shoulder_pitch_link,left_shoulder_pitch_joint,revolute,0,0.1445,0.3245,0,0,0,torso_link,0,1,0,0,0,0,0,,,,,,,,
left_shoulder_roll_link,0.00117741281095625,-1.25187432642448E-09,-0.0807587168674151,0,0,0,0.482195939842689,0.0007098472874785,1.429287376431E-10,5.53859879039999E-06,0.000573848955078142,1.39197144535687E-10,0.000353267894218742,0,0,0,0,0,0,package://robot8/meshes/left_shoulder_roll_link.STL,0.752941176470588,0.752941176470588,0.752941176470588,1,0,0,0,0,0,0,package://robot8/meshes/left_shoulder_roll_link.STL,,left_shoulder_roll_link_v2-2,s_left_shoulder_roll_link,a_left_shoulder_roll_link,left_shoulder_roll_joint,revolute,0.0010009,0.07,0,0,0,0,left_shoulder_pitch_link,1,0,0,0,0,0,0,,,,,,,,
left_shoulder_yaw_link,0.000516717114456023,0.000560206693353743,-0.070551569678575,0,0,0,0.412890465282804,0.000334940291032222,1.09950354835154E-06,-4.22160501455101E-06,0.000443337372220751,1.77254370294609E-05,0.000242547373159594,0,0,0,0,0,0,package://robot8/meshes/left_shoulder_yaw_link.STL,0.752941176470588,0.752941176470588,0.752941176470588,1,0,0,0,0,0,0,package://robot8/meshes/left_shoulder_yaw_link.STL,,left_shoulder_yaw_link_v2-2,s_left_shoulder_yaw_link,a_left_shoulder_yaw_link,left_shoulder_yaw_joint,revolute,0,0,-0.1215,0,0,0,left_shoulder_roll_link,0,0,1,0,0,0,0,,,,,,,,
left_elbow_link,0.0596842248349898,0.00320410650278433,3.31248411200025E-05,0,0,0,0.285830596265939,0.000148596849352713,2.01786144948609E-05,-4.79087210341792E-10,0.000274477531432576,2.42333694476475E-08,0.000286163742852094,0,0,0,0,0,0,package://robot8/meshes/left_elbow_link.STL,0.752941176470588,0.752941176470588,0.752941176470588,1,0,0,0,0,0,0,package://robot8/meshes/left_elbow_link.STL,,left_elbow_link_v2-1,s_left_elbow_link,a_left_elbow_link,left_elbow_joint,revolute,0,0.001125,-0.0885,0,0,0,left_shoulder_yaw_link,0,1,0,0,0,0,0,,,,,,,,
left_wrist_roll_link,0.032736717934764,0.0015753096970306,2.1921354742549E-07,0,0,0,0.204084161135928,0.000104013021013019,-4.35660733606381E-06,-2.35955316619819E-08,9.58406870163441E-05,-7.47425009773105E-10,0.000113767577432909,0,0,0,0,0,0,package://robot8/meshes/left_wrist_roll_link.STL,0.752941176470588,0.752941176470588,0.752941176470588,1,0,0,0,0,0,0,package://robot8/meshes/left_wrist_roll_link.STL,,left_wrist_roll_link_v2-1,s_left_wrist_roll_link,a_left_wrist_roll_link,left_wrist_roll_joint,revolute,0.1005,-0.001125,0,0,0,0,left_elbow_link,1,0,0,0,0,0,0,,,,,,,,
left_wrist_yaw_link,0.0484631104235257,-0.000578441877276015,-0.000636592373931044,0,0,0,0.290193870741437,0.000162816794556085,-1.67438339132048E-06,-2.27296208127067E-06,0.000187545144046435,-3.17369765851691E-05,0.000208855672264196,0,0,0,0,0,0,package://robot8/meshes/left_wrist_yaw_link.STL,0.752941176470588,0.752941176470588,0.752941176470588,1,0,0,0,0,0,0,package://robot8/meshes/left_wrist_yaw_link.STL,,left_wrist_yaw_link_v2-1,s_left_wrist_yaw_link,a_left_wrist_yaw_link,left_wrist_yaw_joint,revolute,0.0395,0,0,0,0,0,left_wrist_roll_link,0,1,0,0,0,0,0,,,,,,,,
left_wrist_pitch_link,0.0298448602758788,1.73848110907038E-09,0.00274885779249789,0,0,0,0.10184435029256,4.19087667528684E-05,-1.77111915300229E-12,-3.9664174492412E-07,3.48765764150623E-05,5.75221980195475E-13,3.32834640951265E-05,0,0,0,0,0,0,package://robot8/meshes/left_wrist_pitch_link.STL,0.752941176470588,0.752941176470588,0.752941176470588,1,0,0,0,0,0,0,package://robot8/meshes/left_wrist_pitch_link.STL,,left_wrist_pitch_link_v2-1,s_left_wrist_pitch_link,a_left_wrist_pitch_link,left_wrist_pitch_joint,revolute,0.06,0,0,0,0,0,left_wrist_yaw_link,0,0,1,0,0,0,0,,,,,,,,
